<?xml version="1.0" encoding="UTF-8"?>
<project-private xmlns="http://www.netbeans.org/ns/project-private/1">
    <editor-bookmarks xmlns="http://www.netbeans.org/ns/editor-bookmarks/2" lastBookmarkId="0"/>
    <open-files xmlns="http://www.netbeans.org/ns/projectui-open-files/2">
        <group>
            <file>file:/C:/Users/User/Documents/NetBeansProjects/SchedulingAppTJV/src/Views/loader.java</file>
            <file>file:/C:/Users/User/Documents/NetBeansProjects/SchedulingAppTJV/src/Model/User.java</file>
            <file>file:/C:/Users/User/Documents/NetBeansProjects/SchedulingAppTJV/src/Views/CustomerFilesController.java</file>
            <file>file:/C:/Users/User/Documents/NetBeansProjects/SchedulingAppTJV/src/Model/Appointment.java</file>
            <file>file:/C:/Users/User/Documents/NetBeansProjects/SchedulingAppTJV/src/Views/AddCustomerController.java</file>
            <file>file:/C:/Users/User/Documents/NetBeansProjects/SchedulingAppTJV/src/Main/ScheduleAppointmentApp.java</file>
            <file>file:/C:/Users/User/Documents/NetBeansProjects/SchedulingAppTJV/src/Login_fr.properties</file>
            <file>file:/C:/Users/User/Documents/NetBeansProjects/SchedulingAppTJV/src/Views/ModifyCustomerController.java</file>
            <file>file:/C:/Users/User/Documents/NetBeansProjects/SchedulingAppTJV/src/Model/DBconn.java</file>
            <file>file:/C:/Users/User/Documents/NetBeansProjects/SchedulingAppTJV/src/Model/Login_fr.properties</file>
            <file>file:/C:/Users/User/Documents/NetBeansProjects/SchedulingAppTJV/src/Views/ModifyAppointmentController.java</file>
            <file>file:/C:/Users/User/Documents/NetBeansProjects/SchedulingAppTJV/src/Views/LoginScreenController.java</file>
            <file>file:/C:/Users/User/Documents/NetBeansProjects/SchedulingAppTJV/src/Views/AppReportsController.java</file>
            <file>file:/C:/Users/User/Documents/NetBeansProjects/SchedulingAppTJV/src/Views/AddAppointmentController.java</file>
            <file>file:/C:/Users/User/Documents/NetBeansProjects/SchedulingAppTJV/src/Views/errorLogin_en_US.properties</file>
            <file>file:/C:/Users/User/Documents/NetBeansProjects/SchedulingAppTJV/src/Views/TypeByMonthController.java</file>
            <file>file:/C:/Users/User/Documents/NetBeansProjects/SchedulingAppTJV/src/Model/TimeMethods.java</file>
            <file>file:/C:/Users/User/Documents/NetBeansProjects/SchedulingAppTJV/src/Views/AppointmentsCenterController.java</file>
            <file>file:/C:/Users/User/Documents/NetBeansProjects/SchedulingAppTJV/src/Model/Customer.java</file>
        </group>
    </open-files>
</project-private>
